{
    "AAPL_Prices": [
        272.41,
        267.46,
        267.44,
        268.56,
        266.25,
        271.49,
        275.92,
        276.97,
        277.55,
        278.85,
        283.1,
        286.19,
        284.15,
        280.7,
        278.78,
        277.89,
        277.18,
        278.78,
        278.03,
        278.28,
        274.11,
        274.61,
        271.84,
        272.19,
        273.67,
        270.97,
        272.36,
        273.81,
        273.4,
        273.76,
        273.08,
        271.86,
        271.01,
        267.26,
        262.36,
        260.33,
        259.04,
        259.37,
        260.25,
        261.05,
        259.96,
        258.21,
        255.53,
        246.7,
        247.65,
        248.35,
        248.04,
        255.41,
        258.27,
        256.44,
        258.28,
        259.48,
        270.01,
        269.48,
        276.49,
        275.91,
        278.12,
        274.62,
        273.68,
        275.5,
        261.73,
        255.78,
        263.88,
        264.35,
        260.58,
        264.58,
        266.18,
        272.14,
        274.23,
        272.95,
        264.18,
        264.72,
        263.75,
        262.52,
        260.29,
        257.46,
        259.88,
        260.83,
        260.81,
        255.76,
        250.12,
        252.82,
        254.23,
        249.94,
        248.96,
        247.99,
        251.49,
        251.64,
        252.62,
        252.89,
        248.8,
        246.63,
        253.79,
        255.63,
        255.92,
        258.86,
        253.5,
        258.9,
        260.49,
        260.48
    ],
    "AAPL_MR_Profit": -1.860000000000042,
    "AAPL_MR_Returns": -0.00708949534990106,
    "AAPL_SMA_Profit": 11.82000000000005,
    "AAPL_SMA_Returns": 0.043537515193929975,
    "AAPL_SMABW_Profit": -8.279999999999916,
    "AAPL_SMABW_Returns": -0.029795962431177502,
    "TSLA_Prices": [
        404.35,
        408.92,
        401.25,
        403.99,
        395.23,
        391.09,
        417.78,
        419.4,
        426.58,
        430.17,
        430.14,
        429.24,
        446.74,
        454.53,
        455.0,
        439.58,
        445.17,
        451.45,
        446.89,
        458.96,
        475.31,
        489.88,
        467.26,
        483.37,
        481.2,
        488.73,
        485.56,
        485.4,
        475.19,
        459.64,
        454.43,
        449.72,
        438.07,
        451.67,
        432.96,
        431.41,
        435.8,
        445.01,
        448.96,
        447.2,
        439.2,
        438.57,
        437.5,
        419.25,
        431.44,
        449.36,
        449.06,
        435.2,
        430.9,
        431.46,
        416.56,
        430.41,
        421.81,
        421.96,
        406.01,
        397.21,
        411.11,
        417.32,
        425.21,
        428.27,
        417.07,
        417.44,
        410.63,
        411.32,
        411.71,
        411.82,
        399.83,
        409.38,
        417.4,
        408.58,
        402.51,
        403.32,
        392.43,
        405.94,
        405.55,
        396.73,
        398.68,
        399.235,
        407.82,
        395.01,
        391.2,
        395.56,
        399.27,
        392.78,
        380.3,
        367.96,
        380.85,
        383.03,
        385.95,
        372.11,
        361.83,
        355.28,
        371.75,
        381.26,
        360.59,
        352.82,
        346.65,
        343.25,
        345.62,
        348.95
    ],
    "TSLA_MR_Profit": 50.36999999999995,
    "TSLA_MR_Returns": 0.12879388376077106,
    "TSLA_SMA_Profit": -34.410000000000025,
    "TSLA_SMA_Returns": -0.08236392359615115,
    "TSLA_SMABW_Profit": -23.870000000000005,
    "TSLA_SMABW_Returns": -0.05430183356840622,
    "ETSY_Prices": [
        57.1,
        54.62,
        54.5,
        53.11,
        51.57,
        53.09,
        52.06,
        53.98,
        54.16,
        54.22,
        54.81,
        54.67,
        53.83,
        52.19,
        53.26,
        54.34,
        55.15,
        54.73,
        53.49,
        53.86,
        53.13,
        53.75,
        52.86,
        53.68,
        54.33,
        55.73,
        55.04,
        55.97,
        55.75,
        56.59,
        55.36,
        55.44,
        57.28,
        58.56,
        61.42,
        61.76,
        61.23,
        61.88,
        60.39,
        61.57,
        61.58,
        63.63,
        61.77,
        58.93,
        60.99,
        62.49,
        60.17,
        60.09,
        58.63,
        57.19,
        54.95,
        52.96,
        53.61,
        53.29,
        53.09,
        54.46,
        57.82,
        55.1,
        54.08,
        47.46,
        46.24,
        45.73,
        44.36,
        44.05,
        48.14,
        52.18,
        52.37,
        54.4,
        53.44,
        55.18,
        54.88,
        53.97,
        54.46,
        55.65,
        56.63,
        56.4,
        55.78,
        53.35,
        52.69,
        51.99,
        52.02,
        53.14,
        54.92,
        54.12,
        54.76,
        52.84,
        52.49,
        49.46,
        48.23,
        48.52,
        47.31,
        47.5,
        49.98,
        49.97,
        51.64,
        54.4,
        53.94,
        53.99,
        53.42,
        52.69
    ],
    "ETSY_MR_Profit": 5.079999999999984,
    "ETSY_MR_Returns": 0.09568656997551298,
    "ETSY_SMA_Profit": 6.640000000000001,
    "ETSY_SMA_Returns": 0.12300852167469435,
    "ETSY_SMABW_Profit": -2.729999999999997,
    "ETSY_SMABW_Returns": -0.0502392344497607,
    "CSCO_Prices": [
        77.78,
        77.37,
        78.39,
        75.44,
        76.1,
        76.24,
        76.32,
        76.07,
        76.94,
        76.04,
        76.87,
        77.75,
        77.76,
        77.97,
        78.86,
        79.51,
        80.25,
        79.27,
        77.8,
        78.25,
        77.55,
        76.0,
        76.95,
        78.42,
        78.11,
        78.02,
        78.02,
        78.16,
        77.79,
        77.41,
        77.03,
        76.04,
        75.58,
        75.23,
        74.72,
        73.96,
        73.88,
        74.01,
        75.47,
        74.41,
        75.25,
        75.19,
        73.35,
        73.69,
        74.33,
        74.59,
        77.01,
        78.68,
        78.96,
        78.43,
        78.32,
        80.64,
        83.11,
        81.16,
        82.36,
        84.82,
        86.78,
        86.29,
        85.54,
        75.0,
        76.85,
        76.85,
        78.18,
        78.56,
        79.2,
        77.74,
        78.14,
        79.12,
        78.1,
        79.46,
        79.42,
        78.96,
        80.87,
        80.01,
        78.64,
        76.21,
        77.7,
        78.1,
        77.74,
        78.33,
        78.9,
        79.27,
        77.6,
        78.51,
        77.65,
        78.82,
        80.86,
        81.83,
        82.16,
        79.92,
        77.04,
        77.59,
        77.93,
        79.02,
        80.435,
        80.68,
        83.7,
        83.17,
        82.22,
        82.35
    ],
    "CSCO_MR_Profit": 13.25500000000001,
    "CSCO_MR_Returns": 0.17440789473684223,
    "CSCO_SMA_Profit": -4.480000000000004,
    "CSCO_SMA_Returns": -0.05822719001819605,
    "CSCO_SMABW_Profit": -12.110000000000028,
    "CSCO_SMABW_Returns": -0.15230788580052856,